Story,Task,Estimate min (hr),Estimate max (hr),Actual,Comment
Planning,Project setup and architecture design,1.6,2,2.5,Initial planning took longer due to thorough requirements analysis
Planning,Technology stack selection,0.8,1,0.5,FastAPI + React was clear choice
Backend - Core,Database models (User and Task),1.6,2,2,SQLAlchemy models with proper relationships
Backend - Core,Authentication system with JWT,2.4,3,3.5,Secure auth with proper middleware
Backend - Core,CRUD endpoints for tasks,2.4,3,3,Full REST API with validation
Backend - Core,CRUD endpoints for users,1.6,2,2,Admin user management included
Backend - Core,Database migrations setup,0.8,1,1.5,Alembic configuration and initial migrations
Backend - AI,AI service integration (OpenAI),1.6,2,2,Both task description and daily planning
Backend - AI,Fallback system for AI unavailability,0.8,1,1,Graceful degradation with templates
Backend - Observability,Structured logging implementation,1.6,2,2,Request logging with context and metrics
Backend - API,Auto-generated API documentation,0.4,0.5,0.5,Swagger/Redoc integration
Frontend - Core,React app setup with TypeScript,0.8,1,1,Vite + modern React setup
Frontend - Core,"Authentication UI (login/register)",2.4,3,3.5,Clean forms with validation
Frontend - Core,Task list view with status changes,3.2,4,4.5,Interactive task cards with inline status updates
Frontend - Core,Task creation/editing forms,2.4,3,4,Rich forms with AI integration
Frontend - Core,AI suggestion integration,1.6,2,2.5,Both task description and daily plan features
Frontend - Core,Responsive design and styling,3.2,4,5,Tailwind CSS with mobile-first approach
Frontend - Stretch,Kanban board implementation,3.2,4,5,"Drag-and-drop functionality with @dnd-kit"
Frontend - Stretch,Analytics dashboard,2.4,3,4,Charts with Recharts for time tracking
Frontend - Stretch,Admin panel for user management,2.4,3,3.5,Full CRUD for admin users
Backend - Stretch,Statistics API endpoints,1.6,2,2,User stats and leaderboard
Backend - Stretch,Task assignment functionality,0.8,1,1.5,Admin can assign tasks to users
DevOps,Docker configuration,1.6,2,2.5,Multi-stage builds for frontend and backend
DevOps,Docker Compose setup,0.8,1,1,Development and production configurations
DevOps,Database seeding,0.8,1,1,Initial demo data setup
DevOps,Environment configuration,0.8,1,1,Proper env vars and secrets management
Deployment,Cloud deployment setup,1.6,2,3,AWS EC2 deployment with PostgreSQL and Docker
Testing - Backend,Unit tests for models and services,3.2,4,4.5,Comprehensive unit test coverage with pytest
Testing - Backend,Integration tests for API endpoints,2.4,3,3.5,Full API endpoint testing with async support
Testing - Backend,Test fixtures and configuration,1.6,2,2,Pytest configuration and reusable fixtures
Testing - Frontend,React component testing setup,2.4,3,3,Vitest + React Testing Library configuration
Testing - Frontend,Component and hook tests,3.2,4,4.5,"Tests for TaskCard, LoginForm and custom hooks"
Testing - Frontend,API mocking with MSW,1.6,2,2,Mock Service Worker for realistic API testing
DevOps - CI/CD,GitHub Actions workflow,2.4,3,3.5,Complete CI pipeline with backend/frontend testing
DevOps - CI/CD,Security scanning integration,0.8,1,1,Trivy vulnerability scanning in CI
Testing - Scripts,Test runner script,0.8,1,1,Unified script to run all tests locally
Testing,Manual testing and bug fixes,2.4,3,4,End-to-end manual testing
Documentation,README with setup instructions,1.6,2,3,Comprehensive documentation with architecture
Documentation,Testing documentation,1.6,2,2.5,Detailed testing guide and coverage information
Documentation,API documentation,0.8,1,1,Interactive Swagger docs
Submission,Prepare submission materials and video,1.6,2,2,Email writeup and video script for GenAI.Labs challenge
Total,,65.6,82,99,"Project completed with comprehensive testing infrastructure, professional CI/CD, and live AWS deployment at http://54.172.72.68:3000"